,0
Dst_Port,0.10672238715108193
Fwd_Act_Data_Pkts,0.07647638230117583
Fwd_Seg_Size_Min,0.06702109393842845
Init_Fwd_Win_Byts,0.03525899539889322
TotLen_Fwd_Pkts,0.030624320818897217
Bwd_Pkt_Len_Max,0.021613154704164122
Bwd_Pkts_s,0.021115125290443078
Fwd_Pkt_Len_Max,0.018854874656439487
Bwd_Pkt_Len_Mean,0.016187991474847393
Tot_Fwd_Pkts,0.015154760555264985
Flow_Duration,0.013765105438618362
Init_Bwd_Win_Byts,0.012687440924100768
Flow_Pkts_s,0.01256892633731852
Flow_IAT_Mean,0.010900221538165162
Pkt_Len_Var,0.009014798426060379
Bwd_IAT_Mean,0.008205510740174103
Flow_IAT_Max,0.00809799478195717
Flow_Byts_s,0.007091111123369366
Bwd_IAT_Std,0.006236212346999209
Flow_IAT_Std,0.004830445030785447
Pkt_Len_Max,0.0037219127761736427
Fwd_IAT_Std,0.0031934488574676414
Bwd_IAT_Min,0.0022543618768888613
Bwd_IAT_Tot,0.0019147353763341386
Protocol,0.000675491399581433
ACK_Flag_Cnt,0.0005544866279255758
URG_Flag_Cnt,0.0004113429276280191
PSH_Flag_Cnt,0.0003293751007704666
Down_Up_Ratio,0.0002900440586118473
Active_Std,0.00010043027142576802
Active_Max,1.1230081556683664e-05
FIN_Flag_Cnt,7.846685052823187e-06
Idle_Std,4.1670866488377284e-06
Fwd_Pkt_Len_Min,6.49756631894758e-07
Bwd_Pkt_Len_Min,0.0
Fwd_PSH_Flags,0.0
RST_Flag_Cnt,0.0
Active_Mean,0.0
Idle_Mean,0.0
